sales_person,email,phone,image
Jami McGarvie,jmcgarvie0@fastcompany.com,(271) 884-0047,https://robohash.org/similiquedictaearum.png?size=50x50&set=set1
Romola Krugmann,rkrugmann1@dot.gov,(720) 456-2525,https://robohash.org/iustodignissimosquod.jpg?size=50x50&set=set1
Amelie Buche,abuche2@goo.gl,(382) 288-4545,https://robohash.org/ametoccaecatised.png?size=50x50&set=set1
Darcie Felipe,dfelipe3@google.de,(567) 390-3314,https://robohash.org/sintfacilisasperiores.png?size=50x50&set=set1
Ami Perrottet,aperrottet4@uol.com.br,(935) 365-2184,https://robohash.org/evenietiurequi.png?size=50x50&set=set1
Brit Duggan,bduggan5@aboutads.info,(768) 084-0166,https://robohash.org/nihildignissimosut.png?size=50x50&set=set1
Corbet Strettell,cstrettell6@delicious.com,(729) 271-0904,https://robohash.org/molestiaevelaut.jpg?size=50x50&set=set1
Fina Crane,fcrane7@tinyurl.com,(397) 306-6342,https://robohash.org/fugiatmaioressint.jpg?size=50x50&set=set1
Waverly Demangeon,wdemangeon8@sciencedirect.com,(874) 212-7583,https://robohash.org/consecteturaliasin.jpg?size=50x50&set=set1
Zollie Graham,zgraham9@biglobe.ne.jp,(213) 948-7998,https://robohash.org/pariaturautemid.bmp?size=50x50&set=set1
Francoise Romain,fromaina@economist.com,(846) 536-3102,https://robohash.org/aspernaturnonfugiat.jpg?size=50x50&set=set1
Ealasaid Douris,edourisb@bing.com,(739) 693-8013,https://robohash.org/mollitiautrerum.png?size=50x50&set=set1
Melinde Vickerman,mvickermanc@java.com,(305) 722-8559,https://robohash.org/magnamdoloremquequia.bmp?size=50x50&set=set1
Westley Blesing,wblesingd@trellian.com,(918) 107-9684,https://robohash.org/eiusetcum.bmp?size=50x50&set=set1
Cynde Aggio,caggioe@abc.net.au,(408) 706-4605,https://robohash.org/veritatisarchitectodicta.jpg?size=50x50&set=set1
Zita Laurant,zlaurantf@tmall.com,(288) 750-9056,https://robohash.org/quoculpaminus.png?size=50x50&set=set1
Durand Andryunin,dandryuning@mozilla.org,(197) 579-6946,https://robohash.org/sedautquia.jpg?size=50x50&set=set1
Christye Jeffcoat,cjeffcoath@java.com,(858) 603-5796,https://robohash.org/quiaeoshic.bmp?size=50x50&set=set1
Suzann Saunt,ssaunti@google.es,(534) 337-9693,https://robohash.org/ullamcorruptinatus.bmp?size=50x50&set=set1
Nessa Armell,narmellj@bizjournals.com,(780) 518-1045,https://robohash.org/voluptatesitaqueofficia.png?size=50x50&set=set1
Wileen Castagneto,wcastagnetok@cargocollective.com,(987) 728-7832,https://robohash.org/sitrerumomnis.bmp?size=50x50&set=set1
Yovonnda MacNelly,ymacnellyl@amazonaws.com,(837) 561-0394,https://robohash.org/rerumsaepelaborum.jpg?size=50x50&set=set1
Bogart Guyonneau,bguyonneaum@kickstarter.com,(736) 459-0579,https://robohash.org/eiusnemoveritatis.jpg?size=50x50&set=set1
Ingeberg Geater,igeatern@printfriendly.com,(235) 332-3366,https://robohash.org/teneturdoloreeligendi.jpg?size=50x50&set=set1
Dagny Nitti,dnittio@ucla.edu,(065) 397-6634,https://robohash.org/voluptatemmolestiaequi.jpg?size=50x50&set=set1
Edee Beminster,ebeminsterp@facebook.com,(670) 961-4828,https://robohash.org/laboreminusitaque.bmp?size=50x50&set=set1
Hunt Cominoli,hcominoliq@php.net,(423) 644-3316,https://robohash.org/eosdoloribusrerum.jpg?size=50x50&set=set1
Cassandre Heckner,checknerr@google.com,(974) 214-3338,https://robohash.org/suntrerumdelectus.bmp?size=50x50&set=set1
Anatola Pundy,apundys@newsvine.com,(669) 269-2359,https://robohash.org/etporrodolores.bmp?size=50x50&set=set1
Sisely Pinnere,spinneret@cloudflare.com,(827) 786-1790,https://robohash.org/dignissimosquodeos.bmp?size=50x50&set=set1
